Name,IATACode,ID
Fly540,5H,arl_00009VME7DEATorL0sX28C
Saudia,SV,arl_00009VME7DDSWSIAygCT1v
Transaero Airlines,UN,arl_00009VME7DDoV8ZkzmMka5
Air Corsica,XK,arl_00009VME7DBgd2sGtBN3H0
Air Dolomiti,EN,arl_00009VME7DAyfgJ6qz2UAC
Berjaya Air,J8,arl_00009VME7DBKeMags5Cliu
Cirrus Airlines,C9,arl_00009VME7DBgd2sGtBN3Gc
Air Kazakhstan,9Y,arl_00009VME7DEATorL0sX289
Itek Air,GI,arl_00009VME7DCOaPRQvNhcNI
Parmiss Airlines (IPV),PA,arl_00009VME7DEATorL0sX28m
VASP,VP,arl_00009VME7DDoV8ZkzmMkar
Iberia Express as British Airways,,arl_0000AI6jWEIaPewfxGnDA8
Indonesia AirAsia,QZ,arl_00009VME7DCOaPRQvNhcN2
Nauru Airlines,ON,arl_00009VME7DCkZ5j0wTrtw8
Royal Air Maroc,AT,arl_00009VME7DD6Xm0axa2BUM
Asian Wings Airways,AW,arl_00009VME7DEWSV8v1yhJgL
ASL Airlines France,5O,arl_00009w8ZaCFoHHsAahwGSO
Cebu Pacific,5J,arl_00009VME7DBgd2sGtBN3GF
Hapagfly,HF,arl_00009VME7DCOaPRQvNhcMZ
VRG Linhas Aereas,RG,arl_00009VME7DDoV8ZkzmMkaq
Vladivostok Air,XF,arl_00009VME7DDoV8ZkzmMkal
Zoom Airlines,Z4,arl_00009VME7DEATorL0sX284
AirAsia,AK,arl_00009VME7DAyfgJ6qz2U9g
Air Finland,OF,arl_00009VME7DAyfgJ6qz2UAL
Pegasus Airlines,PC,arl_00009VME7DD6Xm0axa2BTs
Sibaviatrans,5M,arl_00009VME7DDSWSIAygCT1g
Uzbekistan Airways,HY,arl_00009VME7DDoV8ZkzmMkaV
Vistara,UK,arl_00009zkE2hvrPsrXMeoy4e
Air Busan,BX,arl_00009VME7DEATorL0sX285
L,MJ,arl_00009VME7DCkZ5j0wTrtvO
Mango,JE,arl_00009VME7DCkZ5j0wTrtvb
Sriwijaya Air,SJ,arl_00009VME7DDSWSIAygCT1i
Brit Air,DB,arl_00009VME7DBKeMags5Clix
Gulf Air Bahrain,GF,arl_00009VME7DCOaPRQvNhcMT
Star Flyer,7G,arl_00009VME7DDSWSIAygCT1b
World Airways,WO,arl_00009VME7DEATorL0sX27s
Far Eastern Air Transport,EF,arl_00009VME7DC2bj9quHXKoq
German Airways for BA CityFlyer,,arl_00009VME7DBgd2sGtBN3JP
Wizz Air Ukraine,WU,arl_00009VME7DEATorL0sX28r
Air Bagan,W9,arl_00009VME7DAyfgJ6qz2UAc
Air Cargo Carriers,2Q,arl_00009VME7DAch01WpssCbL
Arrow Air,JW,arl_00009VME7DAch01WpssCcH
CommutAir,C5,arl_00009VME7DBgd2sGtBN3Gn
Singapore Airlines,SQ,arl_00009VME7DDSWSIAygCT1f
Air Namibia,SW,arl_00009VME7DAch01WpssCbN
American Airlines,AA,arl_00009VME7DAGiJjwomhv32
Atifly,A1,arl_00009VME7DEATorL0sX28R
Aws express,B0,arl_00009VME7DEWSV8v1yhJgU
Sun Country Airlines,SY,arl_00009VME7DDSWSIAygCT1W
Cathay Pacific,CX,arl_00009VME7DBgd2sGtBN3GD
East African,QU,arl_00009VME7DC2bj9quHXKoI
LATAM Airlines Paraguay,PZ,arl_00009VME7DDoV8ZkzmMkaF
PAN Air,PV,arl_00009VME7DD6Xm0axa2BTY
Air Sinai,4D,arl_00009VME7DAch01WpssCcO
Edelweiss Air,WK,arl_00009VME7DC2bj9quHXKoM
Ryanair,FR,arl_00009VME7DDSWSIAygCT1M
Sky Regional Airlines as Air Canada Express,,arl_00009v2QssQm8xL1cV0ubw
Skywalk Airlines,AL,arl_00009VME7DDSWSIAygCT25
Spanair,JK,arl_00009VME7DDSWSIAygCT2H
Iberia,IB,arl_00009VME7DCOaPRQvNhcMu
Oman Air,WY,arl_00009VME7DD6Xm0axa2BTM
Salsa d'Haiti,SO,arl_00009VME7DEWSV8v1yhJgJ
West Air,PN,arl_00009VME7DEATorL0sX28k
Mahan Air,W5,arl_00009VME7DCkZ5j0wTrtvT
Maldivo Airlines,ML,arl_00009VME7DEATorL0sX28H
PNG Air,CG,arl_00009VME7DBKeMags5CliF
Tunisair,TU,arl_00009VME7DDoV8ZkzmMkZY
Air Madagascar,MD,arl_00009VME7DAyfgJ6qz2UAq
Augsburg Airways,IQ,arl_00009VME7DAch01WpssCcX
Commutair as United Express,,arl_00009khl2Q2VxdarsPnALw
kulula.com,MN,arl_00009VME7DBgd2sGtBN3Gm
Skynet Airlines,SI,arl_00009VME7DDSWSIAygCT1h
Jetstar Japan,GK,arl_0000AB5BPDb0iEfjXqKNE0
Lufttransport,L5,arl_00009VME7DCkZ5j0wTrtvK
TAROM,RO,arl_00009VME7DDoV8ZkzmMkaI
Virgin Nigeria Airways,VK,arl_00009VME7DDoV8ZkzmMkag
Astraeus,5W,arl_00009VME7DAch01WpssCbA
Canadian Airlines,CP,arl_00009VME7DBgd2sGtBN3G0
Express One International,EO,arl_00009VME7DC2bj9quHXKon
Hellenic Imperial Airways,HT,arl_00009VME7DEATorL0sX28b
Yamal Airlines,YC,arl_00009VME7DEATorL0sX27x
Malaysia Airlines,MH,arl_00009VME7DCkZ5j0wTrtvV
MyTravel Airways,VZ,arl_00009VME7DCkZ5j0wTrtvz
Peninsula Airways,KS,arl_00009VME7DD6Xm0axa2BTt
Air Bourbon,ZB,arl_00009VME7DAch01WpssCbe
ANA,NH,arl_00009VME7DAch01WpssCc0
British International Helicopters,BS,arl_00009VME7DBKeMags5Clia
Cabo Verde Airlines,VR,arl_00009VME7DDoV8ZkzmMka0
TRIP Linhas A,8R,arl_00009VME7DDoV8ZkzmMkaK
Yemenia,IY,arl_00009VME7DEATorL0sX27z
Air Mediterranee,DR,arl_00009VME7DAyfgJ6qz2U9Z
Croatia Airlines,OU,arl_00009VME7DBgd2sGtBN3H2
Hong Kong Airlines,HX,arl_00009VME7DCOaPRQvNhcMq
Iberia Express,I2,arl_00009Y7ohF9Tcjmpmpxu4G
Luchsh Airlines ,L4,arl_00009VME7DEWSV8v1yhJg5
Air France,AF,arl_00009VME7DAch01WpssCbI
Delta Air Lines,DL,arl_00009VME7DBgd2sGtBN3HF
HK Express,UO,arl_00009VME7DCOaPRQvNhcMr
LOT Polish Airlines,LO,arl_00009VME7DCkZ5j0wTrtuw
Qatar Airways,QR,arl_00009VME7DD6Xm0axa2BU9
Shandong Airlines,SC,arl_00009VME7DDSWSIAygCT28
Virgin Australia,DJ,arl_00009VME7DDoV8ZkzmMkao
Wizz Air,W6,arl_00009VME7DEATorL0sX27q
Alaska Airlines,AS,arl_00009VME7DAch01WpssCcN
Belair Airlines,4T,arl_00009VME7DBKeMags5CliY
Georgian Airways,A9,arl_00009VME7DC2bj9quHXKpO
Piedmont Airlines as American Airlines,,arl_0000ACpIjvyh2NXwo3KJ1e
XL Airways France,SE,arl_00009VME7DEATorL0sX27u
Zenith International Airline,ZN,arl_00009VME7DEWSV8v1yhJgX
Bellview Airlines,B3,arl_00009VME7DBKeMags5Clif
Motor Sich,M9,arl_00009VME7DCkZ5j0wTrtvw
Uni Air,B7,arl_00009VME7DEATorL0sX28E
Zabaykalskii Airlines,ZP,arl_00009VME7DEATorL0sX28x
SkyWest Airlines as American Eagle,,arl_00009khl5dcBwbNGqh0y5g
Tiger Airways Australia,TT,arl_00009VME7DDoV8ZkzmMkZi
Volaris,Y4,arl_00009VME7DDoV8ZkzmMkac
Wizz Air Hungary,8Z,arl_00009VME7DEATorL0sX27r
Austrian,OS,arl_00009VME7DAch01WpssCcW
Etihad Airways,EY,arl_00009VME7DC2bj9quHXKoY
JetBlue Airways,B6,arl_00009VME7DCOaPRQvNhcNY
Shaheen Air International,NL,arl_00009VME7DDSWSIAygCT1Q
Sky Regional Airlines,KV,arl_00009v2Qg5WMADcESAWfiK
Skyservice Airlines,5G,arl_00009VME7DDSWSIAygCT1q
Transavia France,TO,arl_00009VME7DEATorL0sX28D
Air Serbia,JU,arl_00009VME7DCOaPRQvNhcNQ
Azul Airlines,AD,arl_0000AHfbp6fmwbZGuADYNk
LATAM Airlines Brasil,JJ,arl_00009VME7DDoV8ZkzmMkZW
LTU Austria,L3,arl_00009VME7DCkZ5j0wTrtuy
UTair Aviation,UT,arl_00009VME7DDoV8ZkzmMkaU
Air Atlanta Icelandic,CC,arl_00009VME7DAch01WpssCbf
Finnair,AY,arl_00009VME7DC2bj9quHXKow
Regional Express,ZL,arl_00009VME7DD6Xm0axa2BUC
Sky Express,G3,arl_00009VME7DDSWSIAygCT1X
Republic Express Airlines,RH,arl_00009VME7DD6Xm0axa2BUG
Ural Airlines,U6,arl_00009VME7DDoV8ZkzmMkaP
Air Bosna,JA,arl_00009VME7DAch01WpssCbH
LATAM Airlines Ecuador,XL,arl_00009VME7DAyfgJ6qz2UAl
PMTair,U4,arl_00009VME7DD6Xm0axa2BTb
Republic Airways as American Eagle,,arl_00009khkuKC3oQwxQeOhXM
SunExpress Deutschland as Eurowings,,arl_00009p3hnAnu0qKCKvg3Xs
Transavia Holland,HV,arl_00009VME7DDoV8ZkzmMkZz
Azores Airlines,S4,arl_00009VME7DDSWSIAygCT1O
Condor,DE,arl_00009VME7DBgd2sGtBN3Gr
Malindo Air,OD,arl_0000ACUJkKfHKRclw3PsgK
Mandala Airlines,RI,arl_00009VME7DCkZ5j0wTrtvZ
Air Guyane,GG,arl_00009VME7DAyfgJ6qz2UAY
Alaska Central Express,KO,arl_00009VME7DAGiJjwomhv3N
Iberia Express for Iberia,,arl_0000A7uNgsi61hzZI6j1fM
Surinam Airways,PY,arl_00009VME7DDSWSIAygCT2Y
Nepal Airlines,RA,arl_00009VME7DCkZ5j0wTrtw9
SkyWest as American Airlines,,arl_00009zkCNzEm4WdxCxgdoe
WestJet Encore,WR,arl_00009p3hnAnu0qKCKvg3Xt
Air Canada,AC,arl_00009VME7DAch01WpssCc4
Air Indus,PP,arl_00009VME7DEWSV8v1yhJgO
Blue Air,0B,arl_00009VME7DBKeMags5Clj0
French bee,BF,arl_00009VME7DBKeMags5Cl16
Hello,HW,arl_00009VME7DCOaPRQvNhcMi
Moskovia Airlines,3R,arl_00009VME7DCkZ5j0wTrtvv
Ryan International Airlines,RD,arl_00009VME7DDSWSIAygCT1L
Armavia,U8,arl_00009VME7DBKeMags5Cli1
City Airline,CF,arl_00009VME7DBgd2sGtBN3Gd
Czech Airlines,OK,arl_00009VME7DBgd2sGtBN3H6
Estonian Air,OV,arl_00009VME7DC2bj9quHXKoW
BA CityFlyer,CJ,arl_00009VME7DBgd2sGtBN3Gg
Comair,OH,arl_00009VME7DBgd2sGtBN3Gl
Mongolian International Air Lines ,7M,arl_00009VME7DEWSV8v1yhJg6
Mesa Airlines as United Express,,arl_00009khl6t0IDNPArjsnqa
Paramount Airways,I7,arl_00009VME7DD6Xm0axa2BTq
SkyWest Airlines,OO,arl_00009VME7DDSWSIAygCT2S
Aer Arann,RE,arl_00009VME7DBKeMags5Clhu
Chautauqua Airlines,RP,arl_00009VME7DBgd2sGtBN3GN
LSM AIRLINES ,YZ,arl_00009VME7DEATorL0sX28w
Mesa Airlines,YV,arl_00009VME7DCkZ5j0wTrtvm
Lufthansa,LH,arl_00009VME7DCkZ5j0wTrtvG
Northwestern Air,J3,arl_00009VME7DD6Xm0axa2BTA
Red Wings,WZ,arl_00009VME7DEATorL0sX28F
Tropic Air,PM,arl_00009VME7DDoV8ZkzmMkZv
Barents AirLink,8N,arl_00009VME7DBKeMags5Clj3
Contact Air,C3,arl_00009VME7DBgd2sGtBN3Gt
Dominicana de Aviaci,DO,arl_00009VME7DBgd2sGtBN3HL
Imair Airlines,IK,arl_00009VME7DCOaPRQvNhcMx
Twin Jet,T7,arl_00009VME7DDoV8ZkzmMkZm
Volaris Costa Rica,Q6,arl_0000A8W7e8M3BnApgOYh9s
Yunnan Airlines,3Q,arl_00009VME7DBgd2sGtBN3GY
Cape Air,9K,arl_00009VME7DBgd2sGtBN3G3
Gabon Airlines,GY,arl_00009VME7DEATorL0sX28G
Horizon Air,QX,arl_00009VME7DCOaPRQvNhcMs
Malmö Aviation,TF,arl_00009VME7DCkZ5j0wTrtvW
Flynas,XY,arl_00009VME7DD6Xm0axa2BTG
SkyWest as Air Alaska,,arl_0000ACxVlG00zh0ymzA2xk
Aero Lanka,QL,arl_00009VME7DBKeMags5Clhz
Allegiant Air,G4,arl_00009VME7DAGiJjwomhv36
Asgard Airways,D4,arl_00009VME7DAGiJjwomhv2u
Avies,U3,arl_00009VME7DAch01WpssCbX
MexicanaLink,I6,arl_00009VME7DEATorL0sX28X
Orbit Airlines Azerbaijan,O1,arl_00009VME7DEWSV8v1yhJgY
Bemidji Aviation Services,CH,arl_00009VME7DBKeMags5Clii
Drukair - Royal Bhutan Airlines,KB,arl_00009VME7DC2bj9quHXKoE
LATAM Airlines Argentina,4M,arl_00009VME7DCkZ5j0wTrtut
Luxair,LG,arl_00009VME7DCkZ5j0wTrtvL
New England Airlines,EJ,arl_00009VME7DD6Xm0axa2BT0
Virgin Express,TV,arl_00009VME7DDoV8ZkzmMkaf
Comair as British Airways,,arl_00009zkCNzEm4WdxCxgdof
Cyprus Airways,CY,arl_00009VME7DBgd2sGtBN3H5
Fiji Airways,FJ,arl_00009VME7DAyfgJ6qz2UAM
MNG Airlines,MB,arl_00009VME7DCkZ5j0wTrtvS
Smartavia,5N,arl_00009VME7DAyfgJ6qz2U9S
SunExpress,XQ,arl_00009VME7DDSWSIAygCT23
TUIfly,X3,arl_00009VME7DCOaPRQvNhcMY
Airblue,ED,arl_00009VME7DAch01WpssCba
Cayman Airways,KX,arl_00009VME7DBgd2sGtBN3GE
Duffel Airways,ZZ,arl_00009VME7D6ivUu8dn35WK
Myanmar National Airlines,UB,arl_00009VME7DCkZ5j0wTrtw0
Heli France,8H,arl_00009VME7DCOaPRQvNhcMe
SilkAir,MI,arl_00009VME7DDSWSIAygCT2W
SkyEurope,NE,arl_00009VME7DDSWSIAygCT2F
Aero Benin,EM,arl_00009VME7DAGiJjwomhv3J
Air Zimbabwe,UM,arl_00009VME7DAyfgJ6qz2U9l
Bangkok Airways,PG,arl_00009VME7DBKeMags5Clic
Germania,ST,arl_00009VME7DC2bj9quHXKpQ
TAME,EQ,arl_00009VME7DDoV8ZkzmMkZV
Air Canada Jazz,QK,arl_00009VME7DAyfgJ6qz2UAe
Air Foyle,GS,arl_00009VME7DAyfgJ6qz2U9s
Carpatair,V3,arl_00009VME7DBgd2sGtBN3GB
Niki,HG,arl_00009VME7DD6Xm0axa2BT1
FlyLal,TE,arl_00009VME7DC2bj9quHXKp7
MIAT Mongolian Airlines,OM,arl_00009VME7DCkZ5j0wTrtvR
Oasis Hong Kong Airlines,O8,arl_00009VME7DD6Xm0axa2BTI
Pacific Wings,LW,arl_00009VME7DD6Xm0axa2BTi
Aeropelican Air Services,OT,arl_00009VME7DBKeMags5Clho
Albanian Airlines,LV,arl_00009VME7DAyfgJ6qz2UAi
Eurowings Discover,4Y,arl_0000A9mGRng0IZQrzbxYp6
ExpressJet,EV,arl_00009VME7DAch01WpssCcQ
WestJet,WS,arl_00009VME7DDoV8ZkzmMkaw
Mexicana de Aviaci,MX,arl_00009VME7DCkZ5j0wTrtvo
Nasair,UE,arl_00009VME7DCkZ5j0wTrtw3
Royal Brunei Airlines,BI,arl_00009VME7DDSWSIAygCT1E
Tom's & co airliners,&T,arl_00009VME7DEATorL0sX28s
Astrakhan Airlines,OB,arl_00009VME7DAch01WpssCcR
Conviasa,V0,arl_00009VME7DBgd2sGtBN3Gx
Scoot,TR,arl_00009VME7DDoV8ZkzmMkZh
ExpressJet Airlines as United Express,,arl_00009khl1XsNL7OhtKdJ3I
KSY,KY,arl_00009VME7DEATorL0sX28p
LATAM Airlines Peru,LP,arl_00009VME7DCkZ5j0wTrtuv
OpenSkies as LEVEL,,arl_00009vhikmfnQn9s6Ngfb6
Air Botswana,BP,arl_00009VME7DAyfgJ6qz2U9r
Air Italy,IG,arl_00009VME7DCkZ5j0wTrtvk
CityJet,WX,arl_00009VME7DBgd2sGtBN3Gf
Eurowings,EW,arl_00009VME7DC2bj9quHXKoh
Pacific Coastal Airlines as WestJet Link,,arl_00009vhk1uJmMQbcgn7MP2
Transwest Air,9T,arl_00009VME7DDoV8ZkzmMka4
Wind Jet,IV,arl_00009VME7DEATorL0sX27n
PAL Express,2P,arl_00009VME7DAyfgJ6qz2UAQ
Regional Paraguaya,P7,arl_00009VME7DEATorL0sX28Y
Air Bangladesh,B9,arl_00009VME7DAyfgJ6qz2U9Y
Kuban Airlines,GW,arl_00009VME7DCOaPRQvNhcO0
Luke Air,BV,arl_00009VME7DBKeMags5Clil
Mesa Airlines as American Eagle,,arl_00009khl7HCsEFjFvhxBmy
bmibaby,WW,arl_00009VME7DBKeMags5Clih
Middle East Airlines,ME,arl_00009VME7DCkZ5j0wTrtvq
Republic Airline as American Airlines,,arl_0000AA3AG3xWdcDYynUgiG
Hawaiian Airlines,HA,arl_00009VME7DCOaPRQvNhcMc
NetJets,1I,arl_00009VME7DD6Xm0axa2BSz
AlMasria Universal Airlines,UJ,arl_00009VME7DEATorL0sX28Z
Valuair,VF,arl_00009VME7DDoV8ZkzmMkaY
Polynesian Airlines,PH,arl_00009VME7DD6Xm0axa2BU0
STP Airways,8F,arl_00009VME7DEATorL0sX28d
VLM Airlines,VG,arl_00009VME7DDoV8ZkzmMkas
Gazpromavia,4G,arl_00009VME7DC2bj9quHXKpM
LATAM Airlines Colombia,4C,arl_00009VME7DAch01WpssCcK
Moldavian Airlines,2M,arl_00009VME7DCkZ5j0wTrtvs
Piedmont Airlines (1948-1989),PI,arl_00009VME7DD6Xm0axa2BTx
Finncomm Airlines,FC,arl_00009VME7DC2bj9quHXKox
Go First,G8,arl_00009VME7DC2bj9quHXKpU
Republic Airlines,RW,arl_00009VME7DD6Xm0axa2BUF
Republic Airways as United Express,,arl_00009khkzVtPk5MTA49MB6
Air Caraïbes,TX,arl_00009VME7DAyfgJ6qz2U9c
Air India,AI,arl_00009VME7DAch01WpssCbd
Alitalia CityLiner,CT,arl_0000A87372pXOrxxuciSki
Euroline,4L,arl_00009VME7DEATorL0sX28f
Asian Spirit,6K,arl_00009VME7DBKeMags5Clhw
EVA Air,BR,arl_00009VME7DC2bj9quHXKoH
Korean Air,KE,arl_00009VME7DCOaPRQvNhcNx
Libyan Wings,YL,arl_0000ACUK5D4sjSycUBLbF3
Aegean Airlines,A3,arl_00009VME7DAGiJjwomhv3K
Aero Condor Peru,Q6,arl_00009VME7DAyfgJ6qz2UA1
AeroWorld ,W4,arl_00009VME7DEWSV8v1yhJg9
Ansett Australia,AN,arl_00009VME7DAGiJjwomhv2y
Michael Airlines,DF,arl_00009VME7DEWSV8v1yhJgS
Ethiopian Airlines,ET,arl_00009VME7DC2bj9quHXKoX
Great Lakes Airlines,ZK,arl_00009VME7DC2bj9quHXKpa
Yakutia Airlines,R3,arl_00009VME7DBKeMags5CliB
ZABAIKAL AIRLINES,Z6,arl_00009VME7DEATorL0sX292
Air Exel,XT,arl_00009VME7DAyfgJ6qz2U9f
Air Tahiti Nui,TN,arl_00009VME7DAch01WpssCbh
Daallo Airlines,D3,arl_00009VME7DBgd2sGtBN3HA
Overland Airways,OJ,arl_00009VME7DD6Xm0axa2BTV
Régional,YS,arl_00009VME7DDSWSIAygCT1N
Air Marshall Islands,CW,arl_00009VME7DAyfgJ6qz2UA6
Endeavor Air as Delta Connection,,arl_00009v2RT5L3d7hi4sbXsm
Lufthansa CityLine,CL,arl_00009VME7DCkZ5j0wTrtvI
Olympic Air,OA,arl_00009VME7DD6Xm0axa2BTL
Kogalymavia Air Company,7K,arl_00009VME7DCOaPRQvNhcNv
Ozjet Airlines,O7,arl_00009VME7DD6Xm0axa2BTX
Sama Airlines,ZS,arl_00009VME7DDSWSIAygCT1j
Virgin Atlantic,VS,arl_00009VME7DDoV8ZkzmMkah
Air Afrique,RK,arl_00009VME7DBKeMags5Clhx
Air Chathams,3C,arl_00009VME7DAyfgJ6qz2UA5
Air Wisconsin,ZW,arl_00009VME7DAch01WpssCbs
Hamburg International,4R,arl_00009VME7DCOaPRQvNhcMX
Volotea,V7,arl_0000A84XBPgInSkN5nW2Fc
ULS Airlines Cargo,GO,arl_00009VME7DCkZ5j0wTrtuk
Viking Hellas,VQ,arl_00009VME7DEATorL0sX28g
Austrian Arrows,VO,arl_00009VME7DBKeMags5CliK
Caribbean Airlines,BW,arl_00009VME7DBgd2sGtBN3G9
Endeavor Air,9E,arl_00009v2RLSEecIX8m2yFjU
Trans States Airlines,AX,arl_00009VME7DDoV8ZkzmMkaG
Vietnam Airlines,VN,arl_00009VME7DDoV8ZkzmMkaa
Widerøe,WF,arl_00009VME7DEATorL0sX27m
Air Baltic,BT,arl_00009VME7DAch01WpssCc5
Airlink,4Z,arl_0000A8HCIZSfGF7PTABhC4
Gadair European Airlines,GP,arl_00009VME7DEATorL0sX28h
GB Airways,GT,arl_00009VME7DC2bj9quHXKpH
TUI fly,TB,arl_00009VME7DEATorL0sX286
Hahn Air Systems,H1,arl_00009zkCNzEm4WdxCxgdog
Joy Air,JR,arl_00009VME7DEATorL0sX28l
Piedmont Airlines as American Eagle,,arl_00009khkxMhQx3kg4OWPXU
PLUNA,PU,arl_00009VME7DD6Xm0axa2BTa
bmi,BD,arl_00009VME7DBKeMags5Clig
Korongo Airlines,ZC,arl_00009VME7DEWSV8v1yhJgT
Jetairfly,JF,arl_00009VME7DCOaPRQvNhcNZ
Safarilink,F2,arl_00009VME7DC2bj9quHXTp6
United Airways,4H,arl_00009VME7DEATorL0sX28B
Welcome Air,2W,arl_00009VME7DDoV8ZkzmMkau
Astral Aviation,8V,arl_00009VME7DAGiJjwomhv3C
Bulgaria Air,FB,arl_00009VME7DBKeMags5Clj2
Eurolot,K2,arl_00009VME7DC2bj9quHXKoc
Jazeera Airways,J9,arl_00009VME7DCOaPRQvNhcNS
RwandAir,WB,arl_00009VME7DDSWSIAygCT1K
European Air Express,EA,arl_00009VME7DC2bj9quHXKoe
Kenmore Air,M5,arl_00009VME7DCOaPRQvNhcNp
MAT Macedonian Airlines,IN,arl_00009VME7DCkZ5j0wTrtvQ
Maya Island Air,MW,arl_00009VME7DCkZ5j0wTrtvi
Aigle Azur,ZI,arl_00009VME7DAGiJjwomhv30
Air Do,HD,arl_00009VME7DCOaPRQvNhcMo
Spirit Airlines,NK,arl_00009VME7DDSWSIAygCT2J
Usa Sky Cargo,E1,arl_00009VME7DEWSV8v1yhJgA
Aerolineas Argentinas,AR,arl_00009VME7DAch01WpssCcL
Air Wisconsin as United Express,,arl_00009khl3rsLx6wSUxjK0e
Sichuan Airlines,3U,arl_00009VME7DDSWSIAygCT2A
South African Airways,SA,arl_00009VME7DDSWSIAygCT1P
Black Stallion Airways,BZ,arl_00009VME7DEATorL0sX28z
BRAZIL AIR,GB,arl_00009VME7DEATorL0sX28o
Himalayan Airlines,HC,arl_00009VME7DEWSV8v1yhJg2
National Jet Systems as QantasLink,,arl_0000A7OwcPkD3gwTdMbLns
Adam Air,KI,arl_00009VME7DAyfgJ6qz2UA9
Air Glaciers,7T,arl_00009VME7DAch01WpssCbQ
Airlinair,A5,arl_00009VME7DBKeMags5Clhy
Air Wales,6G,arl_00009VME7DAyfgJ6qz2U9b
Pakistan International Airlines,PK,arl_00009VME7DD6Xm0axa2BTj
PSA Airlines as American Eagle,,arl_00009khkwNaa9v1gXTqZtI
Santa Barbara Airlines,S3,arl_00009VME7DDSWSIAygCT2Q
Uganda Airlines,UR,arl_00009VME7DBKeMags5Cl17
12 North,12,arl_00009VME7DEWSV8v1yhJgK
Air Greenland,GL,arl_00009VME7DAyfgJ6qz2UAV
Air Italy,I9,arl_00009VME7DAch01WpssCbC
Envoy Air as American Eagle,,arl_00009khkyWFEwpyrxnsuae
Volga-Dnepr,VI,arl_00009VME7DDoV8ZkzmMkad
British Mediterranean Airways,KJ,arl_00009VME7DBKeMags5Clj1
Eurocypria Airlines,UI,arl_00009VME7DC2bj9quHXKoa
Golden Air,DC,arl_00009VME7DC2bj9quHXKpX
Mesaba Airlines,XJ,arl_00009VME7DCkZ5j0wTrtvn
Helijet,JB,arl_00009VME7DCOaPRQvNhcMf
LionXpress,C4,arl_00009VME7DEATorL0sX28u
Nordic Global Airlines,NJ,arl_00009VME7DEWSV8v1yhJgV
Norwegian Air Shuttle,DY,arl_00009VME7DD6Xm0axa2BTB
Ada Air,ZY,arl_00009VME7DAGiJjwomhv3F
Bearskin Airlines,JV,arl_00009VME7DBKeMags5Clie
Continental Airlines,CO,arl_00009VME7DBgd2sGtBN3Gu
Darwin Airline,0D,arl_00009VME7DBgd2sGtBN3HD
Solomon Airlines,IE,arl_00009VME7DDSWSIAygCT2b
Volaris El Salvador,N3,arl_0000A8W8ZZKlYN1vrcLS2y
Orenburg Airlines,R2,arl_00009VME7DD6Xm0axa2BTQ
Republic Airways,YX,arl_0000A84OGJS6U5gPdN8UCG
Copa Airlines Colombia,P5,arl_00009VME7DBKeMags5Cli3
Hahn Air,HR,arl_00009VME7DCOaPRQvNhcMV
Jetstar Asia,3K,arl_00009VME7DCOaPRQvNhcNV
Nordic Regional Airlines,N7,arl_00009v2Pz5jzTEQmgQOupc
Spring Airlines,9S,arl_00009VME7DDSWSIAygCT29
TUIfly Nordic,6B,arl_00009VME7DDoV8ZkzmMkaC
Aerocondor,2B,arl_00009VME7DAch01WpssCcJ
Atlas Blue,8A,arl_00009VME7DAch01WpssCbS
Orient Thai Airlines,OX,arl_00009VME7DD6Xm0axa2BTR
S7 Airlines,S7,arl_00009VME7DDSWSIAygCT1T
Spirit of Manila Airlines,SM,arl_00009VME7DEATorL0sX28i
1Time Airline,1T,arl_00009VME7DAGiJjwomhv2w
Buraq Air,UZ,arl_00009VME7DC2bj9quHXKoP
Jet Airways,9W,arl_00009VME7DCOaPRQvNhcNU
Siem Reap Airways,FT,arl_00009VME7DDSWSIAygCT1l
Nationwide Airlines,CE,arl_00009VME7DCkZ5j0wTrtw7
Air China,CA,arl_00009VME7DAyfgJ6qz2UA0
Avient Aviation,Z3,arl_00009VME7DBKeMags5Cli8
Cubana de Aviación,CU,arl_00009VME7DBgd2sGtBN3H4
IndiGo,6E,arl_00009VME7DCOaPRQvNhcMz
MasAir,M7,arl_00009VME7DCkZ5j0wTrtvP
Seaborne Airlines,BB,arl_00009VME7DDSWSIAygCT1U
SkyWest Airlines as United Express,,arl_00009khl6CW2BUFH5jP2qu
Tiara Air,3P,arl_00009VME7DDoV8ZkzmMkZr
Cimber Air,QI,arl_00009VME7DBgd2sGtBN3Gb
Frontier Flying Service,2F,arl_00009VME7DC2bj9quHXKpF
IBEX Airlines,FW,arl_00009VME7DCOaPRQvNhcMv
Jet4You,8J,arl_00009VME7DCOaPRQvNhcNX
LATAM Airlines,LA,arl_00009VME7DCkZ5j0wTrtus
Atlasjet,KK,arl_00009VME7DAyfgJ6qz2UAf
Avianca,AV,arl_00009VME7DAyfgJ6qz2U9W
Cathay Dragon,KA,arl_00009VME7DC2bj9quHXKoD
EuropeSky,ES,arl_00009VME7DEATorL0sX28n
China Airlines,CI,arl_00009VME7DBgd2sGtBN3GP
Kingfisher Airlines,IT,arl_00009VME7DCOaPRQvNhcNs
Malév,MA,arl_00009VME7DCkZ5j0wTrtvY
SpiceJet,SG,arl_00009VME7DDSWSIAygCT1Y
Aerosvit Airlines,VV,arl_00009VME7DAch01WpssCbB
Aircalin,SB,arl_00009VME7DAch01WpssCbJ
Air Nippon,EL,arl_00009VME7DAch01WpssCc6
AUOS,AU,arl_00009VME7DEWSV8v1yhJg1
Aeromexico,AM,arl_00009VME7DAch01WpssCbz
Japan Airlines Domestic,JL,arl_00009VME7DCOaPRQvNhcNN
Xiamen Airlines,MF,arl_00009VME7DEATorL0sX27v
Air Astana,KC,arl_00009VME7DAyfgJ6qz2UAh
Air Austral,UU,arl_00009VME7DBKeMags5Clhv
Leeward Islands Air Transport,LI,arl_00009VME7DCkZ5j0wTrtv5
SOCHI AIR,CQ,arl_00009VME7DEATorL0sX28q
Volare Airlines,VE,arl_00009VME7DDoV8ZkzmMkaj
World Experience Airline,W1,arl_00009VME7DEATorL0sX28U
Aeroper,PL,arl_00009VME7DAch01WpssCbR
ATRAN,V8,arl_00009VME7DAyfgJ6qz2U9x
Indonesian Airlines,IO,arl_00009VME7DCOaPRQvNhcN3
Thai Airways,TG,arl_00009VME7DDoV8ZkzmMkZj
Juneyao Airlines,HO,arl_00009VME7DCOaPRQvNhcNf
Nok Air,DD,arl_00009VME7DD6Xm0axa2BT3
Baltic Air lines,B1,arl_00009VME7DEATorL0sX28K
Domodedovo Airlines,E3,arl_00009VME7DBgd2sGtBN3HM
ExpressJet,XE,arl_00009VME7DC2bj9quHXKoo
Islas Airways,IF,arl_00009VME7DCOaPRQvNhcNF
Eastern Australia as QantasLink,,arl_0000A7RiQ2V4q0YUBVblM8
easyJet,U2,arl_00009VME7DC2bj9quHXKop
Japan Transocean Air,NU,arl_00009VME7DCOaPRQvNhcNP
Sterling Airlines,NB,arl_00009VME7DDSWSIAygCT2Z
Air Sahara,S2,arl_00009VME7DAch01WpssCbm
Asiana Airlines,OZ,arl_00009VME7DAGiJjwomhv33
Avianca El Salvador,TA,arl_00009VME7DC2bj9quHXKpc
Biman Bangladesh Airlines,BG,arl_00009VME7DBKeMags5CliR
Tatarstan Airlines,U9,arl_00009VME7DAch01WpssCbt
Flybaboo,F7,arl_00009VME7DC2bj9quHXKp9
Oceanair,O6,arl_00009VME7DD6Xm0axa2BTK
Virgin Australia,VA,arl_00009VME7DDoV8ZkzmMkaX
Pacific Airlines,BL,arl_00009VME7DD6Xm0axa2BTd
Sylt Air,7E,arl_00009VME7DAyfgJ6qz2U9a
Aeromar,VW,arl_00009VME7DBKeMags5CliC
Atlas Air,5Y,arl_00009VME7DAyfgJ6qz2UAX
Fly Pelican,FP,arl_0000AG86Tb1FfbD3olpHl2
Helvetic Airways,2L,arl_00009VME7DCOaPRQvNhcMj
KLM,KL,arl_00009VME7DCOaPRQvNhcNi
Varig Log,LC,arl_00009VME7DDoV8ZkzmMkam
Alitalia Express,XM,arl_00009VME7DAch01WpssCcE
Brussels Airlines,SN,arl_00009VME7DBKeMags5Cliz
Continental Micronesia,CS,arl_00009VME7DBgd2sGtBN3Gw
Excel Airways,JN,arl_00009VME7DC2bj9quHXKoj
JALways,JO,arl_00009VME7DCOaPRQvNhcNL
Texas Wings,TQ,arl_00009VME7DEATorL0sX28P
Turkish Airlines,TK,arl_00009VME7DDoV8ZkzmMkZl
T'Way Air,TW,arl_00009VME7DEWSV8v1yhJg7
40-Mile Air,Q5,arl_00009VME7DAGiJjwomhv2x
Air Hamburg (AHO),HH,arl_00009VME7DEATorL0sX291
China Southern Airlines,CZ,arl_00009VME7DBgd2sGtBN3GV
Israir,6H,arl_00009VME7DCOaPRQvNhcNG
Lion Air,JT,arl_00009VME7DCkZ5j0wTrtvC
Saratov Aviation Division,6W,arl_00009VME7DDSWSIAygCT2c
SCAT Airlines,DV,arl_00009VME7DDoV8ZkzmMkZU
Turan Air,3T,arl_00009VME7DDoV8ZkzmMkaJ
Adria Airways,JP,arl_00009VME7DAGiJjwomhv3H
Air Arabia,G9,arl_00009VME7DAch01WpssCc3
Aserca Airlines,R7,arl_00009VME7DAyfgJ6qz2U9m
Bahamasair,UP,arl_00009VME7DBKeMags5CliZ
Yuzhmashavia,2N,arl_00009VME7DEATorL0sX280
Centralwings,C0,arl_00009VME7DBgd2sGtBN3GG
Frontier Airlines,F9,arl_00009VME7DC2bj9quHXKpE
Indya Airline Group,G1,arl_00009VME7DEWSV8v1yhJg3
Qantas,QF,arl_00009VME7DD6Xm0axa2BU8
Germanwings,4U,arl_00009VME7DC2bj9quHXKpR
Horizon Air as Alaska Horizon,,arl_00009khkxumEFjn1l71ijY
Iran Air,IR,arl_00009VME7DCOaPRQvNhcNC
SATENA,9R,arl_00009VME7DDSWSIAygCT2K
Air Tanzania,TC,arl_00009VME7DAch01WpssCcS
ASKY,KP,arl_00009zkEKxVQFkKSsT9q1g
Firefly,FY,arl_00009VME7DC2bj9quHXKoy
Flybe,BE,arl_00009VME7DC2bj9quHXKpA
Skymark Airlines,BC,arl_00009VME7DDSWSIAygCT2U
Lauda Air,NG,arl_00009VME7DCkZ5j0wTrtv3
Norwegian Air UK,DI,arl_00009Y9YXwsuxeLTZkgZpg
Shuttle America,S5,arl_00009VME7DDSWSIAygCT2e
Thai AirAsia,FD,arl_00009VME7DDoV8ZkzmMkZk
Africa West,FK,arl_00009VME7DAyfgJ6qz2U9v
Air Burkina,2J,arl_00009VME7DAch01WpssCcT
America West Airlines,HP,arl_00009VME7DAch01WpssCbr
Flightline,B5,arl_00009VME7DC2bj9quHXKp1
Consorcio Aviaxsa,6A,arl_00009VME7DBgd2sGtBN3Gs
Empresa Ecuatoriana De Aviacion,EU,arl_00009VME7DC2bj9quHXKoS
Nile Air,NP,arl_00009VME7DEWSV8v1yhJgM
Solaseed Air,6J,arl_00009VME7DDSWSIAygCT2a
Evergreen International Airlines,EZ,arl_00009VME7DC2bj9quHXKoi
Hageland Aviation Services,H6,arl_00009VME7DCOaPRQvNhcMU
Jin Air,LJ,arl_00009VME7DEATorL0sX28J
Myanmar Airways International,8M,arl_00009VME7DCkZ5j0wTrtw1
Aero Contractors,AJ,arl_00009VME7DBKeMags5Clhm
Air Plus Comet,A7,arl_00009VME7DBKeMags5Clhi
Air Salone,20,arl_00009VME7DBKeMags5Cli0
CanXpress,C1,arl_00009VME7DEATorL0sX28S
Vueling,VY,arl_00009VME7DDoV8ZkzmMkak
Comores Airlines,KR,arl_00009VME7DBgd2sGtBN3Go
Kam Air,RQ,arl_00009VME7DCOaPRQvNhcNl
Airnorth,TL,arl_00009VME7DAch01WpssCc7
AirRussia,R8,arl_00009VME7DEWSV8v1yhJgF
Atlant-Soyuz Airlines,3G,arl_00009VME7DAyfgJ6qz2U9i
British Airways,BA,arl_00009VME7DBKeMags5CliQ
KD Avia,KD,arl_00009VME7DCOaPRQvNhcNg
Linhas A,LM,arl_00009VME7DCkZ5j0wTrtvB
Rossiya Airlines,FV,arl_00009VME7DAyfgJ6qz2U9n
SAS Ireland,,arl_00009v2NqVyeM3ydXW2YSW
Air Niugini,PX,arl_00009VME7DAch01WpssCc2
ALROSA,6R,arl_00009VME7DBKeMags5CliO
Askari Aviation,4K,arl_00009VME7DAGiJjwomhv34
Dennis Sky,DH,arl_00009VME7DEATorL0sX28Q
Shenzhen Airlines,ZH,arl_00009VME7DDSWSIAygCT2C
Origin Pacific Airways,QO,arl_00009VME7DD6Xm0axa2BTS
Sun D'Or,7L,arl_00009VME7DDSWSIAygCT2E
United Airlines,UA,arl_00009VME7DDoV8ZkzmMkaN
Air Wakanda,D1,arl_00009VME7DAGiJjwomhv2v
Avialeasing Aviation Company,EC,arl_00009VME7DBKeMags5CliJ
Avianca Cargo,QT,arl_00009VME7DDoV8ZkzmMkZx
Intersky,3L,arl_00009VME7DCOaPRQvNhcNA
Novair,N9,arl_00009VME7DD6Xm0axa2BTE
Air Nostrum for Iberia,,arl_0000A4zpmTvai3p7GykWf2
Air Seychelles,HM,arl_00009VME7DAch01WpssCby
Chongqing Airlines,OQ,arl_00009VME7DEATorL0sX28j
LSM International ,II,arl_00009VME7DEWSV8v1yhJg4
Mandarin Airlines,AE,arl_00009VME7DCkZ5j0wTrtva
Martinair,MP,arl_00009VME7DCkZ5j0wTrtve
SeaPort Airlines,K5,arl_00009VME7DEATorL0sX28W
Vision Airlines (V2),V2,arl_00009VME7DEWSV8v1yhJgZ
KLM Cityhopper,WA,arl_00009VME7DCOaPRQvNhcNh
Thomsonfly,BY,arl_00009VME7DDoV8ZkzmMkZu
Air Berlin,AB,arl_00009VME7DAch01WpssCbb
Air Europa,UX,arl_00009VME7DAGiJjwomhv3I
Air Mekong,P8,arl_00009VME7DEATorL0sX290
SriLankan Airlines,UL,arl_00009VME7DDSWSIAygCT1V
Thomas Cook Airlines,MT,arl_00009VME7DDoV8ZkzmMkZc
UM Airlines,UF,arl_00009VME7DDoV8ZkzmMkaQ
Viva Macau,ZG,arl_00009VME7DDoV8ZkzmMkai
Avianca Ecuador,2K,arl_00009VME7DBKeMags5CliN
China Eastern Airlines,MU,arl_00009VME7DBgd2sGtBN3GR
Horizon Air as Alaska Airlines,,arl_0000A7w6B5j6mqgTUONFxo
ITA,AZ,arl_00009VME7DAyfgJ6qz2U9j
Hankook Airline,HN,arl_00009VME7DEWSV8v1yhJgB
LTU International,LT,arl_00009VME7DCkZ5j0wTrtuz
Northwest Airlines,NW,arl_00009VME7DD6Xm0axa2BT9
Royal Jordanian,RJ,arl_00009VME7DDSWSIAygCT1F
Air Algerie,AH,arl_00009VME7DAyfgJ6qz2UA8
Air Macau,NX,arl_00009VME7DAch01WpssCbw
Air North,4N,arl_00009VME7DAch01WpssCc8
ASL Airlines IRL for Aer Lingus,,arl_00009VME7DAyfgJ6qz2UJP
Lao Airlines,QV,arl_00009VME7DCkZ5j0wTrtv1
Southwest Airlines,WN,arl_00009VME7DDSWSIAygCT1w
Aer Lingus UK,EG,arl_0000ACxYBmXgp0rX9ogi3c
Air Madrid,NM,arl_00009VME7DAyfgJ6qz2UAE
Copa Airlines,CM,arl_00009VME7DBgd2sGtBN3Gy
Interlink Airlines,ID,arl_00009VME7DCOaPRQvNhcN8
SkyWest as Delta Connection,,arl_00009vhmTJ9OLGt7QtS6xE
SWISS,LX,arl_00009VME7DDSWSIAygCT1z
Thai Air Cargo,T2,arl_00009VME7DDoV8ZkzmMkZa
CAL Cargo Airlines,5C,arl_00009VME7DBKeMags5Clj4
Domenican Airlines,D1,arl_00009VME7DEATorL0sX28v
Ostfriesische Lufttransport,OL,arl_00009VME7DD6Xm0axa2BTT
Skyways Express,JZ,arl_00009VME7DDSWSIAygCT2T
Canadian National Airways,CN,arl_00009VME7DEATorL0sX28M
Flyglobespan,B4,arl_00009VME7DC2bj9quHXKpB
Syrian Arab Airlines,RB,arl_00009VME7DDSWSIAygCT24
Omni Air International,OY,arl_00009VME7DD6Xm0axa2BTN
Philippine Airlines,PR,arl_00009VME7DD6Xm0axa2BTv
Air Transat,TS,arl_00009VME7DBKeMags5CliI
EgyptAir,MS,arl_00009VME7DC2bj9quHXKoN
Krasnojarsky Airlines,7B,arl_00009VME7DCOaPRQvNhcNy
Network Aviation as QantasLink,,arl_0000A7ZORlhdoj34qhiAQy
Sky Express,XW,arl_00009VME7DEATorL0sX287
Aloha Airlines,AQ,arl_00009VME7DAGiJjwomhv31
Azerbaijan Airlines,J2,arl_00009VME7DAch01WpssCbW
Ghana International Airlines,G0,arl_00009VME7DC2bj9quHXKpT
PB Air,9Q,arl_00009VME7DD6Xm0axa2BTZ
Midway Airlines,JI,arl_00009VME7DCkZ5j0wTrtvr
Pacific Coastal Airlines,8P,arl_00009VME7DD6Xm0axa2BTf
Virgin America,VX,arl_00009VME7DDoV8ZkzmMkae
Air Vanuatu,NF,arl_00009VME7DAyfgJ6qz2U9X
Epic Holiday,FA,arl_00009VME7DEATorL0sX28N
Fly Brasil,F1,arl_00009VME7DEWSV8v1yhJg0
Indian Airlines,IC,arl_00009VME7DCOaPRQvNhcN0
TUI fly Netherlands,OR,arl_00009VME7DBKeMags5CliE
Air Koryo,JS,arl_00009VME7DAyfgJ6qz2UAg
Airlines Of Tasmania,FO,arl_00009VME7DAch01WpssCcU
Hex'Air,UD,arl_00009VME7DCOaPRQvNhcMm
NEXT Brasil,XB,arl_00009VME7DEWSV8v1yhJg8
Libyan Airlines,LN,arl_00009VME7DCkZ5j0wTrtv6
Servicios de Transportes A,FS,arl_00009VME7DDSWSIAygCT1r
USA3000 Airlines,U5,arl_00009VME7DDoV8ZkzmMkaM
Afriqiyah Airways,8U,arl_00009VME7DAGiJjwomhv35
Ariana Afghan Airlines,FG,arl_00009VME7DAch01WpssCbF
Atlantic Airways,RC,arl_00009VME7DAyfgJ6qz2UAN
J-Air,,arl_0000A4zpmTvai3p7GykWf3
Thomas Cook Airlines,FQ,arl_00009VME7DDoV8ZkzmMkZb
GoJet Airlines,G7,arl_00009VME7DC2bj9quHXKpV
LTE International Airways,XO,arl_00009VME7DCkZ5j0wTrtux
Luftfahrtgesellschaft Walter,HE,arl_00009VME7DCkZ5j0wTrtvF
Marysya Airlines,M4,arl_00009VME7DEATorL0sX28y
Montenegro Airlines,YM,arl_00009VME7DCkZ5j0wTrtvu
VIM Airlines,NN,arl_00009VME7DDoV8ZkzmMkab
Animawings,A2,arl_0000A84XgWwzotHKcBA6aG
Florida West International Airways,RF,arl_00009VME7DC2bj9quHXKp3
GoJet Airlines as United Express,,arl_00009khl04Tl9SdWQdPrY8
JAL,JL,arl_00009VME7DCOaPRQvNhcNM
Jet2.com,LS,arl_00009VME7DCOaPRQvNhcNW
Jetstar Airways,JQ,arl_00009VME7DCOaPRQvNhcNc
Sky Express,GQ,arl_0000A84XQ0GjYt1ucZVtXk
Wings Air,IW,arl_00009VME7DEATorL0sX27o
Aer Lingus,EI,arl_00009VME7DAyfgJ6qz2UAH
Air Malawi,QM,arl_00009VME7DAch01WpssCbv
Eastar Jet,ZE,arl_00009VME7DEATorL0sX28I
Georgian National Airlines,QB,arl_00009VME7DC2bj9quHXKpP
Era Alaska,7H,arl_00009VME7DEWSV8v1yhJgE
Locair,ZQ,arl_00009VME7DEATorL0sX28V
National Jet Systems,NC,arl_00009VME7DCkZ5j0wTrtw6
Skyjet Airlines,UQ,arl_00009VME7DEATorL0sX28e
AirAsia X,D7,arl_00009VME7DC2bj9quHXKp6
Alliance Airlines,QQ,arl_00009VME7DAch01WpssCbE
Calima Aviacion,,arl_00009VME7DBKeMags5Clj5
Corsair,SS,arl_00009VME7DBgd2sGtBN3Gz
US Airways,US,arl_00009VME7DDoV8ZkzmMkaT
ABSA - Aerolinhas Brasileiras,M3,arl_00009VME7DAGiJjwomhv38
flydubai,FZ,arl_00009zhD2vOkfRg7hSzj4S
TransAsia Airways,GE,arl_00009VME7DDoV8ZkzmMkZy
FlyNordic,LF,arl_00009VME7DC2bj9quHXKp8
Icelandair,FI,arl_00009VME7DCOaPRQvNhcMw
Japan Asia Airways,EG,arl_00009VME7DCOaPRQvNhcNO
Swe Fly,WV,arl_00009VME7DDSWSIAygCT21
Air Luxor,LK,arl_00009VME7DAyfgJ6qz2UAo
Avianca Costa Rica,LR,arl_00009VME7DCkZ5j0wTrtuq
Garuda Indonesia,GA,arl_00009VME7DC2bj9quHXKpL
Malta Air Charter,R5,arl_00009VME7DCkZ5j0wTrtvX
Arkia,IZ,arl_00009VME7DAch01WpssCbj
Blue Wings,QW,arl_00009VME7DBKeMags5Cliv
Hellas Jet,T4,arl_00009VME7DCOaPRQvNhcMh
Iraqi Airways,IA,arl_00009VME7DCOaPRQvNhcND
Porter Airlines,PD,arl_00009VME7DD6Xm0axa2BU2
SATA Air Acores,SP,arl_00009VME7DDSWSIAygCT1e
Aeroflot,SU,arl_00009VME7DAch01WpssCbG
American Eagle Airlines,MQ,arl_00009VME7DAyfgJ6qz2U9p
Bering Air,8E,arl_00009VME7DBKeMags5Clin
JAL Express,JC,arl_00009VME7DCOaPRQvNhcNK
Swissair,SR,arl_00009VME7DDSWSIAygCT20
Air New Zealand,NZ,arl_00009VME7DAch01WpssCcA
Canadian North,5T,arl_00009VME7DBgd2sGtBN3G1
Hainan Airlines,HU,arl_00009VME7DCOaPRQvNhcMW
KoralBlue Airlines,K7,arl_00009VME7DEATorL0sX28a
Abu Dhabi Amiri Flight,MO,arl_00009VME7DAyfgJ6qz2U9R
Air Ivoire,VU,arl_00009VME7DAyfgJ6qz2U9q
Marusya Airways,Y8,arl_00009VME7DEWSV8v1yhJgD
TAAG Angola Airlines,DT,arl_00009VME7DDoV8ZkzmMkaD
TAP Air Portugal,TP,arl_00009VME7DDoV8ZkzmMkZX
Air Florida,QH,arl_00009VME7DAyfgJ6qz2UAO
AirTran Airways,FL,arl_00009VME7DBKeMags5CliH
Emirates,EK,arl_00009VME7DC2bj9quHXKoQ
I-Fly,H5,arl_00009VME7DEWSV8v1yhJgH
Skagway Air Service,N5,arl_00009VME7DDSWSIAygCT1d
Aerosur,5L,arl_00009VME7DBKeMags5Cli5
Air Europe,PE,arl_00009VME7DAGiJjwomhv3M
EL AL,LY,arl_00009VME7DC2bj9quHXKoO
LSM Airlines,PQ,arl_00009VME7DEATorL0sX28t
Avior Airlines,9V,arl_00009VME7DBKeMags5Cl18
Compass Airlines as American Eagle,,arl_00009khkz3OxfiMgnVgdpA
Merpati Nusantara Airlines,MZ,arl_00009VME7DCkZ5j0wTrtvl
WebJet Linhas A,WJ,arl_00009VME7DDoV8ZkzmMkat
Metro Batavia,7P,arl_00009VME7DBKeMags5Clit
Precision Air,PW,arl_00009VME7DD6Xm0axa2BU5
VickJet,KT,arl_00009VME7DEWSV8v1yhJgI
Aero Flight,GV,arl_00009VME7DAch01WpssCcG
Air Tahiti,VT,arl_00009VME7DAyfgJ6qz2U9t
Amsterdam Airlines,WD,arl_00009VME7DEATorL0sX28c
Jeju Air,7C,arl_00009VME7DCOaPRQvNhcNT
Kish Air,Y9,arl_00009VME7DCOaPRQvNhcNt
LATAM Airlines Chile,LU,arl_00009VME7DCkZ5j0wTrtuu
Southern Winds Airlines,A4,arl_00009VME7DDSWSIAygCT1x
Trans States Airlines as United Express,,arl_00009khl0qmtXcSoFsjp2W
Air Canada Rouge,RV,arl_00009v2FtJonDdBD44Funw
Air Iceland Connect,NY,arl_00009VME7DAyfgJ6qz2UAP
Cebgo,DG,arl_00009VME7DDSWSIAygCT1o
Colgan Air,9L,arl_00009VME7DBgd2sGtBN3Gk
Turkmenistan Airlines,T5,arl_00009VME7DDoV8ZkzmMka7
Eritrean Airlines,B8,arl_00009VME7DC2bj9quHXKoV
Kuwait Airways,KU,arl_00009VME7DCkZ5j0wTrtuj
Portugalia Airlines,NI,arl_00009VME7DD6Xm0axa2BU3
Sat Airlines,HZ,arl_00009VME7DDSWSIAygCT2d
Aerolitoral,5D,arl_00009VME7DAch01WpssCbO
Air Japan,NQ,arl_00009VME7DAch01WpssCbp
Air Moldova,9U,arl_00009VME7DBKeMags5Clhg
Blue1,KF,arl_00009VME7DBKeMags5Clid
Norwegian Air International,D8,arl_00009Y9YjaT08Wc9WS74fw
Sunstate Airlines as QantasLink,,arl_0000A7RiXOv3smHtk9GxAO
Air Jamaica,JM,arl_00009VME7DAch01WpssCbk
Air Mauritius,MK,arl_00009VME7DAyfgJ6qz2UAp
Copenhagen Express,0X,arl_00009VME7DEWSV8v1yhJgN
First Choice Airways,DP,arl_00009VME7DC2bj9quHXKoz
Sharp Airlines,SH,arl_00009VME7DEATorL0sX28T
Sky Airline,H2,arl_00009VME7DDSWSIAygCT2R
GOL,G3,arl_00009VME7DC2bj9quHXKpW
Kenya Airways,KQ,arl_00009VME7DCOaPRQvNhcNq
Line Blue,L8,arl_00009VME7DEATorL0sX28O
Pacific East Asia Cargo Airlines,Q8,arl_00009VME7DD6Xm0axa2BTg
Onur Air,8Q,arl_00009VME7DD6Xm0axa2BTP
Potomac Air,BK,arl_00009VME7DD6Xm0axa2BU4
Sudan Airways,SD,arl_00009VME7DDSWSIAygCT1s
Ukraine International Airlines,PS,arl_00009VME7DDoV8ZkzmMkaW
Aeroflot-Don,D9,arl_00009VME7DAyfgJ6qz2UAD
Air India Express,IX,arl_00009VME7DAyfgJ6qz2U9d
Air One,AP,arl_00009VME7DAch01WpssCbl
Nouvelair,BJ,arl_00009VME7DD6Xm0axa2BTC
DAT,DX,arl_00009VME7DBgd2sGtBN3H8
Eastern Airways,T3,arl_00009VME7DC2bj9quHXKoK
SAS,SK,arl_00009VME7DDSWSIAygCT1S
Smartwings,QS,arl_00009VME7DDoV8ZkzmMka9
Air Guinee Express,2U,arl_00009VME7DAyfgJ6qz2UAS
Air Malta,KM,arl_00009VME7DAch01WpssCbn
Interair South Africa,D6,arl_00009VME7DCOaPRQvNhcN5
Japan Air System,JD,arl_00009VME7DEATorL0sX28A
Belavia,B2,arl_00009VME7DBKeMags5Clio
Finnair as British Airways,,arl_0000AJ72a5lw08Q9b8ah9c
Thai Smile,WE,arl_0000ACUK5D4sjSycUBLbF2
Shanghai Airlines,FM,arl_00009VME7DDSWSIAygCT2B
Air Nostrum,YW,arl_00009VME7DAch01WpssCc1
Aurigny Air Services,GR,arl_00009VME7DAyfgJ6qz2U9T
Dalavia,H8,arl_00009VME7DBgd2sGtBN3HC
Eurofly Service,GJ,arl_00009VME7DC2bj9quHXKob
